<?xml version="1.0" encoding="UTF-8"?>
<project-private xmlns="http://www.netbeans.org/ns/project-private/1">
    <editor-bookmarks xmlns="http://www.netbeans.org/ns/editor-bookmarks/2" lastBookmarkId="1"/>
    <open-files xmlns="http://www.netbeans.org/ns/projectui-open-files/2">
        <group>
            <file>file:/C:/Kayle/Java/Practice2/src/com/digiwin/practice/DAPJavaPractice_01719_2.java</file>
            <file>file:/C:/Kayle/Java/Practice2/src/com/digiwin/practice/service/SalesService.java</file>
            <file>file:/C:/Kayle/Java/Practice2/src/com/digiwin/practice/pojo/SalesRecord.java</file>
        </group>
    </open-files>
</project-private>
